{
    "train_res": {
        "loss": 0.11804715294964617,
        "mae": 0.11804709583520889
    },
    "valid_res": {
        "loss": 0.1624198910049213,
        "mae": 0.16243566572666168
    },
    "best_valid_res": {
        "loss": 0.15512172264918203,
        "mae": 0.15513311326503754
    },
    "best_valid_res_train": {
        "loss": 0.11305971027031872,
        "mae": 0.11305972188711166
    }
}