{
    "train_res": {
        "loss": 0.11940775344194625,
        "mae": 0.11940779536962509
    },
    "valid_res": {
        "loss": 0.16079657012096016,
        "mae": 0.16080966591835022
    },
    "best_valid_res": {
        "loss": 0.15712556633497438,
        "mae": 0.15713484585285187
    },
    "best_valid_res_train": {
        "loss": 0.11582747803751703,
        "mae": 0.11582745611667633
    }
}