{
    "train_res": {
        "loss": 0.12227848814781592,
        "mae": 0.12227853387594223
    },
    "valid_res": {
        "loss": 0.16606359057609113,
        "mae": 0.16607613861560822
    },
    "best_valid_res": {
        "loss": 0.159130163751142,
        "mae": 0.15914374589920044
    },
    "best_valid_res_train": {
        "loss": 0.11807949810208053,
        "mae": 0.1180795207619667
    }
}