{
    "0": {
        "train_res": {
            "loss": 0.11804715294964617,
            "mae": 0.11804709583520889
        },
        "valid_res": {
            "loss": 0.1624198910049213,
            "mae": 0.16243566572666168
        },
        "best_valid_res": {
            "loss": 0.15512172264918203,
            "mae": 0.15513311326503754
        },
        "best_valid_res_train": {
            "loss": 0.11305971027031872,
            "mae": 0.11305972188711166
        }
    },
    "1": {
        "train_res": {
            "loss": 0.11940775344194625,
            "mae": 0.11940779536962509
        },
        "valid_res": {
            "loss": 0.16079657012096016,
            "mae": 0.16080966591835022
        },
        "best_valid_res": {
            "loss": 0.15712556633497438,
            "mae": 0.15713484585285187
        },
        "best_valid_res_train": {
            "loss": 0.11582747803751703,
            "mae": 0.11582745611667633
        }
    },
    "2": {
        "train_res": {
            "loss": 0.12227848814781592,
            "mae": 0.12227853387594223
        },
        "valid_res": {
            "loss": 0.16606359057609113,
            "mae": 0.16607613861560822
        },
        "best_valid_res": {
            "loss": 0.159130163751142,
            "mae": 0.15914374589920044
        },
        "best_valid_res_train": {
            "loss": 0.11807949810208053,
            "mae": 0.1180795207619667
        }
    }
}