{
    "0": {
        "train_res": {
            "loss": 0.10483996072319345,
            "mae": 0.10483997315168381
        },
        "valid_res": {
            "loss": 0.15157727580717814,
            "mae": 0.1515890508890152
        },
        "best_valid_res": {
            "loss": 0.15157727580717814,
            "mae": 0.1515890508890152
        },
        "best_valid_res_train": {
            "loss": 0.10483996072319345,
            "mae": 0.10483997315168381
        }
    },
    "1": {
        "train_res": {
            "loss": 0.10579659264452039,
            "mae": 0.10579657554626465
        },
        "valid_res": {
            "loss": 0.15685238811357688,
            "mae": 0.15686656534671783
        },
        "best_valid_res": {
            "loss": 0.15294812423407392,
            "mae": 0.15295839309692383
        },
        "best_valid_res_train": {
            "loss": 0.10448196309881076,
            "mae": 0.10448197275400162
        }
    },
    "2": {
        "train_res": {
            "loss": 0.12217859825133155,
            "mae": 0.12217861413955688
        },
        "valid_res": {
            "loss": 0.16670391902888335,
            "mae": 0.16671623289585114
        },
        "best_valid_res": {
            "loss": 0.1537516496634932,
            "mae": 0.1537642776966095
        },
        "best_valid_res_train": {
            "loss": 0.10599911271543734,
            "mae": 0.10599913448095322
        }
    }
}