{
    "train_res": {
        "loss": 0.09706875238575106,
        "mae": 0.09706874936819077
    },
    "valid_res": {
        "loss": 0.14883583722015223,
        "mae": 0.14885112643241882
    },
    "best_valid_res": {
        "loss": 0.14263380099568637,
        "mae": 0.14264695346355438
    },
    "best_valid_res_train": {
        "loss": 0.09173810173003924,
        "mae": 0.09173817932605743
    }
}