{
    "train_res": {
        "loss": 0.09306639843891552,
        "mae": 0.09306632727384567
    },
    "valid_res": {
        "loss": 0.14577528653085553,
        "mae": 0.1457906812429428
    },
    "best_valid_res": {
        "loss": 0.1434597968254038,
        "mae": 0.14346754550933838
    },
    "best_valid_res_train": {
        "loss": 0.09180152838612533,
        "mae": 0.0918014794588089
    }
}