{
    "train_res": {
        "loss": 0.09173236370697949,
        "mae": 0.09173236787319183
    },
    "valid_res": {
        "loss": 0.1436941287810764,
        "mae": 0.14370635151863098
    },
    "best_valid_res": {
        "loss": 0.14265872127506682,
        "mae": 0.1426706612110138
    },
    "best_valid_res_train": {
        "loss": 0.09304911079212132,
        "mae": 0.09304910898208618
    }
}