{
    "0": {
        "train_res": {
            "loss": 0.09706875238575106,
            "mae": 0.09706874936819077
        },
        "valid_res": {
            "loss": 0.14883583722015223,
            "mae": 0.14885112643241882
        },
        "best_valid_res": {
            "loss": 0.14263380099568637,
            "mae": 0.14264695346355438
        },
        "best_valid_res_train": {
            "loss": 0.09173810173003924,
            "mae": 0.09173817932605743
        }
    },
    "1": {
        "train_res": {
            "loss": 0.09306639843891552,
            "mae": 0.09306632727384567
        },
        "valid_res": {
            "loss": 0.14577528653085553,
            "mae": 0.1457906812429428
        },
        "best_valid_res": {
            "loss": 0.1434597968254038,
            "mae": 0.14346754550933838
        },
        "best_valid_res_train": {
            "loss": 0.09180152838612533,
            "mae": 0.0918014794588089
        }
    },
    "2": {
        "train_res": {
            "loss": 0.09173236370697949,
            "mae": 0.09173236787319183
        },
        "valid_res": {
            "loss": 0.1436941287810764,
            "mae": 0.14370635151863098
        },
        "best_valid_res": {
            "loss": 0.14265872127506682,
            "mae": 0.1426706612110138
        },
        "best_valid_res_train": {
            "loss": 0.09304911079212132,
            "mae": 0.09304910898208618
        }
    }
}