{"valid_mae": 0.2356131672859192, "best_valid_mae": 0.2356131672859192, "train_mae": 0.31396106571314836, "best_valid_mae_train": 0.31396106571314836}