{"valid_mae": 0.22644037008285522, "best_valid_mae": 0.22644037008285522, "train_mae": 0.263092746884232, "best_valid_mae_train": 0.263092746884232}