{"valid_mae": 0.14406239986419678, "best_valid_mae": 0.14406239986419678, "train_mae": 0.09616271106159238, "best_valid_mae_train": 0.09616271106159238}