{"valid_mae": 0.2528856098651886, "best_valid_mae": 0.2528856098651886, "train_mae": 0.2061326249922853, "best_valid_mae_train": 0.2061326249922853}