{"valid_mae": 0.34157276153564453, "best_valid_mae": 0.34157276153564453, "train_mae": 0.2923293474713427, "best_valid_mae_train": 0.2923293474713427}