{"valid_mae": 0.22844266891479492, "best_valid_mae": 0.2283744364976883, "train_mae": 0.18587348798556702, "best_valid_mae_train": 0.18563018016211524}