{
    "train_res": {
        "loss": 0.3973187539952895,
        "mae": 0.3973597288131714
    },
    "valid_res": {
        "loss": 0.3070647396692416,
        "mae": 0.30705761909484863
    },
    "best_valid_res": {
        "loss": 0.27491362974411104,
        "mae": 0.2755615711212158
    },
    "best_valid_res_train": {
        "loss": 0.38646213751471503,
        "mae": 0.38648828864097595
    }
}