{
    "train_res": {
        "loss": 0.3839996094038473,
        "mae": 0.38401979207992554
    },
    "valid_res": {
        "loss": 0.2742030500638776,
        "mae": 0.27432113885879517
    },
    "best_valid_res": {
        "loss": 0.2742030500638776,
        "mae": 0.27432113885879517
    },
    "best_valid_res_train": {
        "loss": 0.3839996094038473,
        "mae": 0.38401979207992554
    }
}