{
    "train_res": {
        "loss": 0.40947370766276153,
        "mae": 0.4094747304916382
    },
    "valid_res": {
        "loss": 0.32697651335378974,
        "mae": 0.328046053647995
    },
    "best_valid_res": {
        "loss": 0.28531652507258626,
        "mae": 0.28555452823638916
    },
    "best_valid_res_train": {
        "loss": 0.37943125330940797,
        "mae": 0.37939104437828064
    }
}