{
    "0": {
        "train_res": {
            "loss": 0.3973187539952895,
            "mae": 0.3973597288131714
        },
        "valid_res": {
            "loss": 0.3070647396692416,
            "mae": 0.30705761909484863
        },
        "best_valid_res": {
            "loss": 0.27491362974411104,
            "mae": 0.2755615711212158
        },
        "best_valid_res_train": {
            "loss": 0.38646213751471503,
            "mae": 0.38648828864097595
        }
    },
    "1": {
        "train_res": {
            "loss": 0.3839996094038473,
            "mae": 0.38401979207992554
        },
        "valid_res": {
            "loss": 0.2742030500638776,
            "mae": 0.27432113885879517
        },
        "best_valid_res": {
            "loss": 0.2742030500638776,
            "mae": 0.27432113885879517
        },
        "best_valid_res_train": {
            "loss": 0.3839996094038473,
            "mae": 0.38401979207992554
        }
    },
    "2": {
        "train_res": {
            "loss": 0.40947370766276153,
            "mae": 0.4094747304916382
        },
        "valid_res": {
            "loss": 0.32697651335378974,
            "mae": 0.328046053647995
        },
        "best_valid_res": {
            "loss": 0.28531652507258626,
            "mae": 0.28555452823638916
        },
        "best_valid_res_train": {
            "loss": 0.37943125330940797,
            "mae": 0.37939104437828064
        }
    }
}