{
    "train_res": {
        "loss": 0.11327924622603543,
        "mae": 0.11328859627246857
    },
    "valid_res": {
        "loss": 0.22221635318383937,
        "mae": 0.2210412472486496
    },
    "best_valid_res": {
        "loss": 0.21254515538855298,
        "mae": 0.21226242184638977
    },
    "best_valid_res_train": {
        "loss": 0.10622823242489146,
        "mae": 0.10624051839113235
    }
}