{
    "train_res": {
        "loss": 0.16014020651249597,
        "mae": 0.1601427048444748
    },
    "valid_res": {
        "loss": 0.2581611257500765,
        "mae": 0.2574155032634735
    },
    "best_valid_res": {
        "loss": 0.2091186711700951,
        "mae": 0.20884309709072113
    },
    "best_valid_res_train": {
        "loss": 0.10529485787393639,
        "mae": 0.10529141128063202
    }
}