{
    "train_res": {
        "loss": 0.12219357463783322,
        "mae": 0.12219708412885666
    },
    "valid_res": {
        "loss": 0.2250704023896194,
        "mae": 0.22450155019760132
    },
    "best_valid_res": {
        "loss": 0.20492593108153925,
        "mae": 0.20474544167518616
    },
    "best_valid_res_train": {
        "loss": 0.09754350756742677,
        "mae": 0.0975411981344223
    }
}