{
    "0": {
        "train_res": {
            "loss": 0.11327924622603543,
            "mae": 0.11328859627246857
        },
        "valid_res": {
            "loss": 0.22221635318383937,
            "mae": 0.2210412472486496
        },
        "best_valid_res": {
            "loss": 0.21254515538855298,
            "mae": 0.21226242184638977
        },
        "best_valid_res_train": {
            "loss": 0.10622823242489146,
            "mae": 0.10624051839113235
        }
    },
    "1": {
        "train_res": {
            "loss": 0.16014020651249597,
            "mae": 0.1601427048444748
        },
        "valid_res": {
            "loss": 0.2581611257500765,
            "mae": 0.2574155032634735
        },
        "best_valid_res": {
            "loss": 0.2091186711700951,
            "mae": 0.20884309709072113
        },
        "best_valid_res_train": {
            "loss": 0.10529485787393639,
            "mae": 0.10529141128063202
        }
    },
    "2": {
        "train_res": {
            "loss": 0.12219357463783322,
            "mae": 0.12219708412885666
        },
        "valid_res": {
            "loss": 0.2250704023896194,
            "mae": 0.22450155019760132
        },
        "best_valid_res": {
            "loss": 0.20492593108153925,
            "mae": 0.20474544167518616
        },
        "best_valid_res_train": {
            "loss": 0.09754350756742677,
            "mae": 0.0975411981344223
        }
    }
}